id,tra_1,tra_2,tra_3,tra_4,tra_5,tra_6,tra_7,tra_8,agg_9,agg_10,agg_11,agg_12,agg_13,agg_14,agg_15,agg_16,agg_17,agg_18,agg_19,agg_20,agg_21,agg_22,agg_23,agg_24,agg_25,agg_26,agg_27,agg_28,agg_29,agg_30,agg_31,agg_32,agg_33,agg_34,agg_35,fear_36,fear_37,fear_38,fear_39,fear_40,fear_41,fear_42,fear_43,fear_44,fear_45,fear_46,fear_47,fear_48,fear_49,fear_50,fear_51,fear_52,fear_53,sep_54,sep_55,sep_56,sep_57,sep_58,sep_59,sep_60,sep_61,exc_62,exc_63,exc_64,exc_65,exc_66,exc_67,att_68,att_69,att_70,att_71,att_72,att_73,mis_74,mis_75,mis_76,mis_77,mis_78,mis_79,mis_80,mis_81,mis_82,mis_83,mis_84,mis_85,mis_86,mis_87,mis_88,mis_89,mis_90,mis_91,mis_92,mis_93,mis_94,mis_95,mis_96,mis_97,mis_98,mis_99,mis_100,101
0,3,3,2,4,3,,3,5,1,1,1,4,1,1,4,1,1,4,1,4,,4,2,1,1,,,,3,1,1,1,1,1,1,1,1,1,1,1,1,,1,1,1,1,1,1,1,1,1,1,1,,1,1,1,1,1,1,1,1,2,3,4,4,4,3,4,3,4,4,1,1,,,,3,1,3,3,1,3,1,1,1,1,1,2,2,1,3,3,1,1,1,1,3,1,1,1
1,,4,4,4,4,4,3,4,1,2,1,1,1,1,5,4,1,5,1,5,3,5,4,4,2,4,4,5,4,1,1,,,,,1,1,3,1,1,1,1,1,1,1,1,1,1,1,1,1,1,1,1,1,1,5,4,5,1,1,1,4,5,5,4,4,5,5,4,4,4,1,3,2,1,2,2,1,1,1,1,2,1,1,2,1,1,1,1,3,3,3,4,2,1,1,5,4,4,3
2,2,3,3,3,2,,2,4,1,1,1,1,1,1,4,1,1,4,1,4,1,4,1,1,1,1,1,1,1,1,1,1,1,1,1,1,1,1,1,1,1,1,1,1,1,1,1,1,1,1,1,1,1,1,1,1,1,1,1,1,1,1,5,5,5,5,5,5,3,4,3,3,2,3,1,1,2,3,4,3,2,2,1,2,1,2,1,1,1,1,2,2,2,1,1,1,1,3,1,1,1
3,3,5,5,5,,5,2,5,1,1,1,1,1,1,1,1,1,1,1,1,1,1,1,1,1,2,1,1,3,1,1,3,1,1,3,1,1,1,1,1,1,1,1,1,1,1,1,1,1,1,1,1,1,1,1,1,1,1,1,1,1,1,5,5,,5,5,4,5,5,5,5,3,3,,1,4,2,1,5,1,1,1,1,1,1,1,1,1,1,1,3,1,1,1,1,1,1,2,2,1
4,5,5,5,5,5,5,5,5,1,1,1,1,1,1,1,1,1,1,1,1,1,1,1,1,1,2,2,1,1,1,1,1,1,1,1,1,1,1,1,1,1,1,2,2,3,4,1,2,1,1,1,1,2,3,1,1,1,1,1,1,1,1,1,3,2,3,3,2,4,4,4,3,1,4,4,1,4,1,4,4,1,1,1,1,1,3,1,1,1,1,1,3,3,1,1,1,1,1,1,1,1
5,4,4,4,5,,2,3,4,1,1,1,2,1,1,1,1,1,1,1,1,1,1,1,1,1,1,1,1,3,1,1,1,1,1,1,1,1,1,1,1,1,2,1,1,2,1,1,2,1,1,1,1,1,1,1,1,1,1,1,1,1,1,2,2,3,1,1,3,5,5,5,2,1,3,,4,4,1,3,4,2,1,1,1,1,2,1,1,1,1,1,2,1,1,1,1,1,1,1,1,1
6,4,5,5,5,5,5,4,5,1,1,1,1,1,1,2,2,1,1,1,1,1,1,3,3,1,2,3,1,5,1,1,,,,,1,1,1,1,1,1,1,1,1,1,1,2,1,1,1,1,1,,4,1,1,1,1,1,1,1,1,2,2,2,2,1,2,5,5,5,5,2,3,3,1,2,1,1,3,2,1,5,4,1,4,1,1,1,1,1,1,1,1,1,1,1,1,1,1,1
7,4,5,5,4,5,4,,5,1,1,1,1,1,1,1,1,1,5,1,4,1,4,1,1,1,4,,1,1,1,1,1,1,1,1,1,1,1,1,1,3,2,1,1,1,1,2,1,,3,1,1,1,3,1,1,1,1,1,1,1,1,1,1,1,1,1,1,1,4,3,3,1,1,,1,4,1,1,1,5,1,1,1,1,2,1,1,1,1,1,3,2,1,1,1,1,1,1,3,
8,4,5,5,4,5,5,3,5,1,1,1,1,1,1,1,1,1,1,1,1,1,1,1,1,1,1,1,1,1,1,1,1,1,1,1,1,1,1,1,1,1,1,1,1,2,1,1,1,1,1,1,1,1,2,1,1,1,1,3,1,2,1,2,2,2,2,2,2,5,5,5,4,1,3,3,4,4,1,1,1,5,2,4,1,1,1,1,1,1,1,2,4,4,1,1,1,1,1,1,2,1
9,4,5,5,4,3,3,3,5,1,3,1,3,1,1,3,3,1,3,1,3,2,1,3,3,1,2,2,3,3,1,1,1,1,1,1,1,1,2,2,2,1,3,1,3,3,3,1,1,2,2,1,1,2,3,1,1,1,1,1,1,1,1,3,3,4,4,3,1,5,4,4,2,1,2,3,1,3,1,1,1,1,1,4,3,1,4,1,1,1,1,1,1,1,1,1,1,1,3,1,1,1
10,4,4,3,5,5,3,2,5,1,1,1,1,1,1,1,1,1,1,1,1,1,1,3,3,1,2,1,1,1,1,1,1,1,1,1,1,2,3,1,1,1,1,1,5,1,1,1,1,1,2,1,,1,1,1,1,1,1,5,4,3,1,1,1,1,1,1,1,5,5,5,5,1,5,5,2,5,3,1,1,1,1,1,1,1,1,1,1,1,3,1,2,1,1,1,1,1,5,1,1,1
11,4,4,4,5,5,3,3,3,1,2,1,,1,1,1,1,1,2,1,3,2,1,4,4,1,2,,1,4,1,1,2,1,3,3,1,1,1,1,1,1,1,2,1,1,1,3,1,2,3,1,1,1,1,1,2,5,5,5,1,1,1,5,3,5,5,5,5,5,5,5,2,2,3,5,4,4,2,2,5,2,1,5,4,1,2,5,1,1,1,1,2,2,1,1,1,1,3,1,1,1
12,4,5,5,5,4,4,3,4,1,1,1,1,1,1,1,1,1,1,1,1,1,1,1,1,1,1,1,1,1,1,1,1,1,1,1,1,1,2,1,1,1,1,1,3,1,1,1,1,1,1,1,1,1,1,1,1,1,1,1,1,1,1,5,4,3,4,4,5,4,,5,4,2,4,2,1,1,1,1,3,1,1,3,1,1,3,1,1,1,1,1,4,4,1,2,1,1,2,1,1,1
13,4,4,4,5,5,4,3,4,1,1,1,1,1,1,1,1,1,3,1,4,1,4,1,1,1,2,4,1,2,1,1,3,2,4,2,1,1,4,1,2,3,3,3,5,2,1,3,2,3,2,1,1,1,3,3,1,3,4,4,1,2,1,4,3,4,4,3,4,3,5,4,2,3,1,4,3,3,1,2,2,2,1,5,1,3,3,1,1,3,3,2,4,3,3,2,1,1,3,2,1,1
14,4,4,4,4,4,3,3,3,1,2,1,,1,1,2,1,1,1,1,1,1,,2,2,1,2,2,2,3,1,1,2,1,,3,1,1,3,1,1,,,1,4,1,1,1,1,,1,1,1,1,,1,1,1,1,1,1,1,1,1,1,3,4,4,4,2,3,3,1,1,1,1,1,1,1,2,2,1,1,1,,1,2,1,1,1,1,1,1,1,1,1,1,1,1,3,1,
15,4,4,4,4,3,5,3,5,1,1,1,1,1,1,1,1,1,2,1,1,2,1,2,1,1,,2,2,1,1,1,3,1,2,2,1,1,3,2,2,,1,3,2,1,1,2,1,,1,1,1,1,2,1,2,4,2,4,1,1,1,4,4,2,,4,3,,3,3,2,1,2,3,2,3,1,3,3,3,1,2,2,3,1,1,1,1,1,2,4,3,1,1,1,1,2,3,2,2
16,3,4,3,4,2,2,,4,1,4,4,,1,4,4,3,1,4,,5,3,4,,,1,5,3,4,4,1,2,,,,,2,2,3,2,2,,1,4,5,4,4,4,4,4,5,1,5,3,5,1,3,4,1,3,1,2,1,4,3,,3,2,4,2,,5,4,2,,3,2,3,4,3,3,2,2,4,3,1,3,,1,3,3,3,4,4,4,2,1,1,5,1,3,3
17,2,4,3,3,3,3,3,3,1,1,1,1,1,1,1,1,1,1,1,1,1,1,1,1,1,1,1,1,1,1,1,1,1,1,1,2,2,2,2,2,1,1,1,1,2,2,2,1,1,1,1,1,1,1,2,2,2,2,2,2,2,2,3,3,3,3,3,3,4,4,3,3,3,3,4,4,4,4,3,,3,1,3,4,,4,1,1,1,1,3,3,3,1,1,1,1,2,2,5,5
18,3,4,4,4,4,,2,5,1,2,2,1,1,1,2,2,1,5,1,5,1,5,3,3,1,3,5,2,3,1,1,3,3,1,1,2,2,3,2,1,1,3,1,5,1,4,2,2,,1,1,1,2,3,1,1,1,1,1,1,1,1,5,5,5,5,5,5,3,5,5,3,5,5,5,5,5,5,1,1,5,1,5,5,1,3,1,1,1,1,1,3,3,2,1,1,1,4,2,1,1
19,4,5,5,4,4,4,3,5,1,1,1,1,1,2,3,2,1,2,1,3,1,3,2,2,1,1,5,2,2,1,1,1,1,,1,1,1,3,1,1,1,3,1,5,2,2,3,3,,1,1,1,1,2,1,1,1,1,2,1,1,1,3,3,2,5,4,3,5,5,5,4,2,2,5,4,4,1,1,1,2,2,3,3,1,2,1,1,1,1,1,5,5,3,3,3,3,2,3,3,1
20,4,4,3,4,5,5,2,5,1,1,1,1,1,1,1,1,1,1,1,1,1,1,1,1,1,1,1,1,2,1,1,1,1,1,1,1,1,4,1,1,2,2,1,5,1,1,2,2,1,1,1,1,1,2,1,1,1,1,1,1,1,1,1,1,1,1,1,1,3,1,2,1,1,1,1,1,3,1,3,5,1,1,1,1,,1,1,1,1,1,1,1,1,1,1,1,1,1,1,1,1
21,5,4,2,5,5,5,3,5,1,1,1,1,1,1,1,1,1,1,1,1,1,1,1,1,1,1,1,1,1,1,1,1,1,1,1,1,1,3,1,1,3,3,1,4,1,1,1,2,1,1,1,1,1,2,1,1,1,1,1,1,1,1,1,1,1,1,1,1,3,1,3,3,1,1,1,1,3,1,3,4,1,1,1,1,1,1,1,1,1,1,1,1,1,1,1,1,1,1,1,1,1
22,3,3,3,4,2,3,2,3,1,2,4,5,1,1,2,3,1,3,1,3,3,4,2,2,1,3,5,3,3,1,1,1,1,1,1,3,4,4,3,2,1,4,4,3,4,4,4,3,,4,1,1,3,4,2,1,3,2,2,2,1,1,3,4,4,4,4,4,3,4,4,4,3,2,5,5,5,2,5,2,2,1,4,1,4,3,1,1,1,1,3,3,2,2,1,1,2,4,2,2,1
23,5,5,5,5,5,5,,5,1,1,1,1,1,1,3,2,1,2,1,5,2,2,2,2,1,1,4,5,5,1,1,1,1,1,1,2,2,5,2,2,1,4,5,5,4,2,3,5,5,5,1,4,2,5,3,1,5,1,5,1,1,1,5,4,5,4,2,5,5,5,5,3,3,5,,,,1,2,2,1,1,3,1,1,1,1,1,1,1,2,3,2,1,1,1,1,3,2,1,1
24,4,5,4,3,5,4,4,4,1,1,1,1,1,1,1,1,1,1,2,2,1,1,1,1,1,1,1,1,2,1,1,1,1,1,1,1,1,1,3,3,1,1,1,1,1,1,1,1,1,1,1,1,1,1,1,1,1,1,1,1,1,1,5,5,5,5,5,5,5,4,4,3,2,3,4,2,4,3,1,2,2,1,1,1,1,1,1,1,1,1,2,3,3,2,1,2,1,1,1,1,1
25,4,4,4,5,4,5,3,5,1,1,1,1,1,1,1,1,1,1,1,1,1,1,1,1,1,1,5,1,2,1,1,2,1,1,3,1,1,2,1,1,1,3,1,1,3,3,1,2,1,1,1,1,1,3,5,1,5,5,5,3,1,1,4,4,2,5,4,3,5,4,4,2,3,1,5,1,1,3,3,3,1,1,2,1,1,3,1,1,1,1,1,3,4,1,1,3,1,1,3,2,1
26,4,4,4,4,3,4,2,2,1,1,1,1,1,1,1,1,1,1,1,1,1,1,2,2,1,1,1,1,4,1,1,3,1,2,2,1,1,2,1,1,1,2,1,3,1,1,1,1,1,1,1,1,1,1,1,1,4,5,5,1,1,1,4,2,4,3,3,3,4,4,3,5,1,4,2,3,3,3,4,3,3,1,5,3,1,3,1,1,1,1,1,3,2,1,1,1,1,3,2,4,1
27,4,4,2,3,2,4,2,2,1,1,1,3,1,1,1,1,1,3,1,4,1,4,2,2,1,3,4,1,5,1,1,1,1,1,1,1,1,2,1,1,1,1,1,1,1,1,2,1,2,1,1,1,1,1,3,1,4,4,4,3,4,1,5,5,5,5,5,5,5,5,5,5,4,5,2,2,1,3,1,4,4,1,3,4,1,4,1,1,4,4,3,4,4,2,2,1,1,5,3,1,1
28,3,5,3,4,4,3,3,3,1,2,1,1,1,1,2,1,1,1,1,2,1,1,2,2,1,1,3,1,3,1,1,,,,,1,1,1,1,1,1,1,1,1,1,1,1,1,1,1,1,1,1,1,1,1,1,1,1,1,1,1,1,1,1,1,1,1,3,3,2,3,1,1,3,1,1,3,1,1,1,1,1,1,1,2,1,1,1,1,1,3,2,1,1,1,1,1,1,1,1
29,4,5,4,3,4,4,2,5,2,1,1,1,1,1,1,1,1,2,1,1,1,2,3,2,1,1,2,1,3,1,1,1,1,1,1,1,1,1,1,1,1,1,1,1,1,2,1,1,1,1,1,1,1,1,1,1,1,1,1,1,1,1,3,2,4,1,1,3,4,4,4,3,1,2,5,2,2,3,4,2,3,1,4,4,4,2,1,1,1,1,1,2,2,1,1,1,1,1,3,3,4
30,4,4,3,5,3,3,2,5,1,1,1,1,1,1,1,1,1,1,1,1,1,1,1,1,1,1,2,1,2,1,1,1,1,1,1,2,1,1,1,1,1,1,2,1,2,1,1,1,,1,1,1,1,2,1,1,1,1,1,1,1,1,2,2,2,3,2,2,3,4,5,4,2,4,5,2,4,3,3,2,1,1,2,2,2,4,2,1,5,5,3,5,5,1,2,1,2,5,1,1,1
31,4,5,5,,2,5,,5,1,1,1,1,1,1,1,1,1,1,1,1,1,1,1,1,1,1,2,1,1,1,2,1,,,2,1,,2,1,1,2,4,1,1,1,1,2,1,1,1,1,2,1,1,1,1,1,1,1,1,1,1,4,4,4,4,4,4,2,4,3,2,1,2,3,3,3,2,3,5,3,1,3,3,2,5,1,1,1,1,1,5,2,1,1,1,2,1,1,2,4
32,3,4,4,3,4,4,2,5,1,1,1,1,1,1,1,1,1,1,1,1,1,1,1,1,1,1,1,1,3,1,1,1,1,1,1,3,1,1,1,1,1,1,1,1,1,1,1,1,3,1,1,1,1,3,1,1,4,5,5,1,1,1,5,4,5,4,1,2,5,5,5,5,1,2,4,1,2,1,2,3,2,1,3,4,1,2,1,1,1,1,1,1,3,1,1,1,1,1,1,4,1
33,4,5,5,5,5,4,3,5,1,1,1,1,3,1,1,1,,1,1,1,1,1,1,1,1,1,4,1,2,1,2,1,1,2,3,1,1,2,1,1,1,1,3,5,1,2,4,1,1,1,1,1,1,3,4,,5,2,4,1,3,3,5,5,5,5,5,5,5,4,4,2,1,2,5,5,5,1,4,2,1,1,1,1,3,5,1,1,1,1,2,3,3,1,1,1,3,4,1,1,1
34,4,4,3,4,5,5,3,5,1,1,1,1,1,1,4,1,1,4,1,4,1,1,1,1,1,1,1,4,1,1,1,1,1,1,1,1,1,3,1,1,1,1,1,3,3,3,1,1,1,1,1,1,1,1,3,2,4,4,4,1,4,1,3,4,1,1,1,1,4,3,1,3,3,3,1,1,3,4,1,3,1,1,1,1,1,2,1,1,1,1,1,4,3,1,1,1,1,1,4,4,1
35,4,5,3,4,4,4,2,5,1,3,2,2,1,1,2,2,1,2,1,4,2,2,3,3,1,2,3,2,3,1,1,1,1,1,1,4,2,5,4,3,3,3,3,5,4,4,3,4,,2,3,1,2,4,2,2,4,4,4,4,4,2,4,5,,3,3,5,4,3,3,3,1,2,5,3,4,2,4,2,3,1,1,1,,4,1,2,1,1,3,3,5,2,1,1,1,2,2,2,
36,4,4,3,5,4,3,2,4,1,1,1,3,2,1,2,2,1,2,1,2,1,2,3,2,1,2,3,3,2,1,1,,,,,4,3,5,5,5,5,4,4,5,4,4,4,4,4,4,3,3,3,5,4,4,4,3,3,3,3,1,4,4,5,5,5,5,5,4,5,5,3,2,3,4,4,2,1,1,2,1,4,2,1,4,1,1,1,1,3,4,4,2,3,1,1,2,4,4,3
37,5,5,5,5,,5,5,5,1,1,1,1,1,1,1,1,1,1,1,1,1,1,1,1,1,1,1,1,1,1,1,1,1,1,1,1,1,1,1,1,1,1,1,1,1,1,1,1,1,1,1,1,1,1,1,1,5,1,5,1,1,1,5,5,4,3,3,5,5,4,4,3,1,1,1,1,2,1,1,1,1,1,2,1,1,1,1,1,1,1,1,3,2,1,1,1,1,1,3,1,1
38,4,5,4,4,4,4,3,3,1,1,1,1,1,1,1,1,1,1,1,1,1,1,1,1,1,1,1,1,1,1,1,1,1,1,1,3,3,2,1,1,1,3,3,1,4,4,3,1,1,1,1,1,2,4,,,4,4,4,4,,,3,3,3,3,1,3,3,4,4,1,1,2,2,2,2,1,2,4,1,1,1,1,1,1,1,1,1,1,1,3,2,1,1,1,1,2,4,4,1
39,4,4,5,4,5,5,5,5,1,1,1,1,1,1,1,1,1,1,1,1,1,1,1,1,1,1,,1,1,1,1,1,1,1,1,1,1,1,1,1,1,1,1,1,1,1,1,1,1,1,1,1,1,1,1,1,1,1,1,1,1,1,1,1,1,1,1,1,,,,,1,1,1,1,2,1,1,2,2,3,1,1,1,1,1,1,1,1,1,2,5,3,2,1,1,1,1,1,1
40,4,4,5,5,5,5,3,5,1,1,1,1,1,1,1,1,1,1,1,1,1,1,1,1,1,1,1,1,1,1,1,1,1,1,1,1,,2,1,1,1,2,1,1,2,1,2,2,2,2,1,1,1,1,1,1,1,1,1,1,1,1,1,1,1,1,1,1,5,5,4,4,1,1,2,2,1,1,3,3,3,1,1,1,1,1,1,1,1,1,1,3,4,1,1,1,1,1,1,1,1
41,5,4,4,5,5,5,4,1,1,1,1,1,1,1,1,1,1,1,1,1,1,1,1,1,1,1,1,1,1,1,1,3,1,1,1,5,5,5,5,5,2,2,5,5,1,1,5,2,2,5,3,3,2,5,5,5,5,5,5,1,5,2,4,4,1,5,5,1,5,3,5,5,2,4,2,1,1,1,1,2,1,1,1,1,1,2,1,1,1,1,4,3,4,1,1,1,1,3,2,4,5
42,4,5,5,4,5,3,4,3,1,1,1,1,1,1,1,1,1,1,1,1,1,1,1,1,1,1,1,1,3,1,1,,,,,1,1,1,1,1,1,1,1,1,1,1,1,1,1,1,1,1,1,1,1,1,1,1,1,1,1,1,1,1,1,1,1,1,3,2,2,2,1,2,3,1,1,1,1,3,1,1,4,1,1,1,1,1,1,1,1,1,1,1,1,1,1,1,2,1,1
43,4,2,1,2,5,4,2,4,1,1,1,,1,1,1,1,1,,1,1,1,2,,1,1,2,2,2,2,1,1,2,1,2,2,1,1,,2,1,1,,2,1,2,1,2,2,,1,1,1,,,1,1,1,1,1,1,1,1,4,4,,,1,,,,,,,,4,4,4,4,3,2,2,1,,,3,2,1,1,1,1,1,4,4,,,,,2,1,,
44,4,,,5,5,4,4,4,1,1,1,1,1,1,1,1,1,1,1,1,1,1,1,1,1,1,2,1,,1,1,1,1,1,1,1,1,2,1,1,,,1,1,1,1,1,1,1,1,1,1,1,3,1,1,1,1,2,1,1,1,1,1,1,1,1,1,4,4,4,3,1,1,4,4,4,2,1,2,2,1,2,1,1,1,1,1,1,1,1,3,3,1,1,1,1,2,1,1,
45,4,4,3,5,5,5,3,5,1,,,,1,1,1,1,1,2,1,3,1,3,,,1,,,1,,1,1,1,1,1,1,,,1,1,1,,,1,1,,,1,1,1,1,1,1,1,1,,,,,2,,,1,2,3,3,,,3,4,3,3,2,1,1,,2,4,3,,,3,1,3,3,1,1,1,1,1,1,2,3,3,1,1,1,,2,3,3,
46,4,4,4,5,3,4,,5,1,1,1,1,1,1,1,1,1,2,1,1,1,1,1,1,1,1,4,1,1,1,1,1,1,1,1,1,1,3,1,1,1,1,2,1,1,1,1,1,2,1,1,1,1,2,1,1,1,1,1,1,1,1,4,4,2,4,4,3,3,1,4,5,1,1,5,3,5,1,3,3,1,1,1,2,1,1,1,1,1,1,1,2,2,1,1,1,1,1,1,1,1
47,3,4,3,3,3,4,2,3,1,1,1,1,1,1,1,1,1,1,1,1,1,1,1,1,1,1,2,1,1,1,1,2,1,2,2,1,1,1,1,1,,1,1,1,2,1,2,1,,1,1,1,1,2,1,1,2,1,1,1,1,1,4,4,2,4,4,3,1,2,2,2,1,2,4,3,4,1,4,3,2,2,2,3,1,3,1,1,1,1,2,4,4,1,1,1,1,1,1,1,
48,2,5,5,4,4,4,,5,1,1,1,1,1,1,1,1,1,1,1,1,1,1,1,1,1,1,1,1,1,1,1,1,1,1,1,1,1,1,1,1,1,1,1,1,1,1,1,1,1,1,1,1,1,1,1,1,1,1,2,1,1,1,3,4,1,3,1,3,4,4,4,4,1,1,1,2,3,3,1,2,3,2,3,4,1,2,1,1,1,1,1,3,2,1,1,1,1,1,1,1,1
49,4,3,3,3,2,3,3,4,1,1,1,1,1,1,1,1,1,1,1,1,1,1,1,1,1,1,1,1,1,1,1,1,1,1,1,1,1,2,2,2,1,2,1,2,3,2,1,1,2,1,1,1,2,2,2,,5,3,5,2,5,2,3,3,3,3,3,3,4,4,4,3,,2,4,4,4,3,3,4,3,1,4,5,2,3,1,2,1,1,2,3,3,1,1,1,1,3,2,2,1
50,4,4,3,4,4,3,3,3,1,1,1,1,1,1,1,1,1,1,1,1,1,1,1,1,1,1,1,1,1,1,1,2,1,3,3,1,1,4,1,1,1,1,2,2,2,2,2,1,2,1,1,1,2,3,,,3,3,4,3,3,1,2,2,2,2,2,2,4,4,4,3,,3,4,3,,2,3,2,2,1,3,2,3,3,1,1,1,1,2,3,3,1,1,1,1,3,2,1,1
51,5,5,5,5,,5,4,3,,1,1,1,1,1,1,1,1,1,1,1,1,1,1,1,1,1,1,1,1,1,1,1,1,1,1,1,1,2,1,1,1,1,1,1,1,1,1,1,1,1,1,1,1,1,1,3,4,4,3,3,1,3,5,2,3,3,2,4,5,5,5,2,3,5,1,2,2,2,4,3,1,1,5,3,1,1,1,1,1,1,1,1,2,1,1,3,1,2,2,1,
52,4,5,3,5,5,5,3,5,1,1,1,4,1,1,1,1,1,1,1,2,1,1,1,1,1,2,2,1,2,1,1,1,1,1,1,4,3,5,4,3,5,4,3,5,3,3,2,4,3,4,4,1,3,3,1,1,4,5,3,3,4,1,5,5,5,5,5,5,5,5,5,4,1,1,2,3,4,5,2,1,4,1,2,1,1,3,1,2,2,1,4,5,5,1,2,2,1,3,5,5,5
53,4,4,4,4,5,5,3,5,1,1,1,1,1,1,2,1,1,1,1,,1,,1,1,1,1,1,1,1,1,1,1,1,1,1,1,1,1,1,1,1,1,1,1,1,1,1,1,1,1,1,1,1,1,1,1,1,1,1,1,3,1,4,4,4,4,4,4,4,3,3,2,2,3,1,1,2,1,4,4,3,1,1,5,1,1,1,1,1,1,1,3,3,1,1,1,1,3,3,4,1
54,4,5,4,5,5,5,4,4,1,1,1,1,1,1,1,1,1,1,1,1,1,1,2,1,1,2,1,1,2,1,1,2,1,2,2,2,1,2,2,1,1,1,2,1,2,1,2,1,1,1,1,1,2,3,3,4,4,5,5,5,5,5,5,5,3,4,4,4,5,5,5,5,5,5,3,2,2,1,1,1,2,5,2,1,1,1,1,1,1,1,1,1,1,1,1,1,1,1,1,1,1
55,1,5,3,3,4,5,,2,1,1,1,1,1,1,1,1,1,1,1,1,1,1,1,1,1,1,1,1,1,1,1,1,,1,1,1,1,5,1,1,2,1,1,1,2,1,1,1,2,3,1,1,1,5,2,3,4,4,3,3,5,5,5,3,1,5,5,5,5,5,5,5,5,1,4,5,3,1,1,1,5,1,5,1,1,3,1,1,3,3,4,5,5,1,3,1,3,2,4,5,
56,3,4,2,5,4,4,,5,1,1,1,1,1,1,1,1,1,1,1,1,1,1,1,1,1,1,1,1,3,1,1,1,1,1,1,1,1,2,1,1,1,2,1,1,1,1,1,1,1,1,1,1,1,1,1,1,2,5,5,1,4,1,2,2,5,5,5,5,5,5,5,4,2,1,5,1,5,2,1,4,3,1,1,5,1,5,1,1,1,1,1,4,2,1,1,1,1,5,1,1,
57,4,5,5,4,3,4,2,5,1,1,1,1,1,1,1,1,1,1,2,1,1,1,3,3,1,,1,1,4,1,1,1,,,,1,1,2,1,1,1,1,5,1,1,1,1,1,4,4,1,1,,1,1,4,4,4,4,1,1,1,3,2,5,2,3,5,3,5,4,3,1,2,5,4,2,1,4,3,1,1,1,2,1,2,1,1,1,1,2,4,3,1,1,2,1,2,1,4,
58,5,5,5,5,5,,4,5,1,1,1,3,1,1,3,1,1,3,1,3,1,3,2,2,1,1,2,2,1,1,1,1,1,1,1,2,2,2,1,1,1,1,2,2,2,1,3,1,1,1,1,1,1,2,1,1,5,5,5,5,1,1,3,5,3,5,3,2,5,5,5,2,1,1,4,2,2,2,1,2,1,1,2,1,1,1,1,1,1,1,3,2,3,1,1,1,1,1,1,1,1
59,4,5,4,5,5,3,2,2,1,1,1,1,1,1,1,1,1,1,1,1,1,1,1,1,1,1,4,1,1,1,1,1,1,1,1,1,1,3,1,1,1,1,5,3,3,1,3,1,5,5,1,4,2,3,2,2,3,5,5,3,3,4,5,5,5,5,5,5,5,5,5,4,4,3,5,1,3,5,4,2,1,2,4,5,3,3,1,1,1,1,1,2,3,1,1,1,1,1,1,4,
60,5,5,5,5,,5,4,1,1,4,1,,1,1,5,5,1,5,1,4,5,5,4,4,1,4,4,4,4,1,1,2,2,2,1,1,1,3,3,2,1,1,1,2,5,2,1,1,1,5,1,1,5,5,3,1,4,3,1,1,5,3,3,3,2,3,3,3,3,3,3,3,3,5,2,2,2,2,2,1,1,1,4,3,4,2,1,1,1,1,2,1,1,1,2,2,1,2,5,5,2
61,4,4,3,4,2,3,3,2,1,1,1,1,1,1,1,1,1,1,1,1,1,1,1,1,1,1,1,1,1,1,1,1,1,,1,4,4,3,3,3,2,2,1,2,2,1,1,1,4,1,1,4,1,2,2,3,4,3,5,4,4,1,4,4,3,5,5,4,5,4,4,5,1,4,3,3,2,2,4,5,4,1,2,1,1,3,1,1,1,1,2,1,2,1,1,1,1,4,1,4,1
62,3,5,4,5,3,3,,4,1,2,1,3,1,1,2,2,1,2,1,4,1,3,2,2,1,3,2,1,2,1,1,2,2,1,2,2,2,4,2,3,2,4,5,2,2,2,3,3,4,3,1,1,2,4,2,2,4,4,4,3,5,2,5,5,5,3,5,5,5,5,5,5,4,4,5,3,4,2,5,4,4,2,4,4,3,4,2,1,2,3,3,3,4,5,5,4,3,5,4,4,1
63,4,5,4,4,4,2,3,5,1,1,1,1,1,1,1,1,1,1,1,1,1,1,2,2,1,1,1,1,2,1,1,1,1,1,1,1,1,1,1,1,1,1,1,1,1,1,1,1,1,1,1,1,1,1,1,1,1,1,1,1,1,1,3,3,5,5,4,4,4,4,4,4,3,2,1,4,4,2,2,4,2,2,4,3,1,4,1,1,1,1,1,1,3,2,1,1,1,1,1,1,1
64,4,4,3,3,4,3,3,1,1,1,1,1,1,1,,1,1,2,1,2,1,2,1,1,1,1,1,2,1,1,1,1,1,1,1,1,1,2,,1,1,1,2,1,1,1,2,1,1,1,1,1,1,1,1,1,1,1,2,1,1,1,3,2,1,2,1,1,5,5,5,3,2,3,2,1,1,3,,1,1,1,2,2,2,1,1,1,1,2,2,3,2,1,2,2,1,2,1,1,1
65,4,5,5,5,5,5,3,3,1,2,1,2,3,1,1,1,1,1,2,1,1,1,1,1,1,1,1,1,3,1,1,2,1,3,4,1,1,1,1,1,1,1,3,2,2,1,2,1,1,1,1,1,1,2,1,1,1,1,1,1,1,1,4,3,4,4,4,4,1,1,4,5,1,1,4,4,4,3,4,4,1,1,4,1,1,1,1,1,1,1,1,1,1,1,1,1,1,1,4,1,1
66,2,5,4,4,5,4,2,5,1,1,1,1,1,1,1,1,1,1,1,2,1,2,2,2,1,,2,2,2,1,,,,,,1,1,2,1,1,1,2,1,1,1,1,1,1,,2,1,2,1,1,1,1,1,1,1,1,1,1,5,4,1,5,3,5,2,1,4,3,1,1,4,4,,,1,1,1,1,1,1,1,5,1,1,1,1,1,4,4,1,1,1,1,1,1,1,
